Job Title,Company Name,Location,Job Description,Requirements
Network Administrator,Database Solutions,"Columbus, OH",Ensure the security of IT systems.,"Experience with Python, Java, and SQL."
Technical Writer,HR Solutions,"New York, NY",Troubleshoot and resolve IT issues.,Experience with business analysis tools.
Copywriter,Design Studio,"Cleveland, OH",Manage recruitment and employee relations.,Experience with SEO tools and techniques.
Finance Analyst,Technical Docs,"Charlotte, NC",Find and recruit top talent.,Experience with business analysis tools.
Marketing Specialist,Data Inc.,"Philadelphia, PA",Oversee product development from ideation to launch.,Experience with CRM systems and sales techniques.
IT Support Technician,DevOps Works,"Detroit, MI",Create visually appealing designs.,Experience with CRM systems and sales techniques.
Recruiter,DevOps Works,"Kansas City, MO",Build and optimize backend systems and databases.,Experience with social media platforms.
UX Designer,Sales Hub,"Dallas, TX",Oversee product development from ideation to launch.,Experience with IT support and troubleshooting.
Marketing Specialist,Marketing Pros,"Milwaukee, WI",Ensure the security of IT systems.,Experience with business analysis tools.
Content Writer,QA Gurus,"Seattle, WA",Write persuasive and clear copy.,Experience with software testing methodologies.
Software Engineer,Marketing Pros,"Portland, OR",Build and optimize backend systems and databases.,Experience with customer support software.
Software Engineer,Legal Advisors,"Indianapolis, IN",Manage recruitment and employee relations.,"Experience with Python, Java, and SQL."
Mobile App Developer,Technical Docs,"San Diego, CA",Find and recruit top talent.,Experience with technical writing.
Backend Developer,Security Experts,"Columbus, OH",Write engaging and informative content.,Experience with customer support software.
Network Administrator,Backend Systems,"Cleveland, OH",Manage infrastructure and deployment pipelines.,Experience with DevOps tools and practices.
Business Analyst,HR Solutions,"Las Vegas, NV",Troubleshoot and resolve IT issues.,Experience with customer support software.
Copywriter,Finance Group,"Denver, CO",Troubleshoot and resolve IT issues.,Experience with financial modeling and analysis.
Network Administrator,QA Gurus,"Seattle, WA",Ensure the security of IT systems.,Experience with HR software and processes.
Content Writer,QA Gurus,"Columbus, OH",Ensure the security of IT systems.,Experience with cyber security practices.
Software Engineer,Product Co.,"Salt Lake City, UT",Write engaging and informative content.,Experience with mobile app development.
Business Analyst,Technical Docs,"Los Angeles, CA",Coordinate and manage projects.,"Experience with HTML, CSS, and JavaScript."
Finance Analyst,Sales Hub,"Boston, MA",Create visually appealing designs.,Experience with CRM systems and sales techniques.
Copywriter,Project Masters,"Washington, DC",Provide legal advice and services.,Experience with project management tools.
Customer Support Specialist,Support Center,"Charlotte, NC",Create visually appealing designs.,Experience with project management and agile methodologies.
IT Support Technician,Tech Corp,"Kansas City, MO",Analyze financial data and trends.,Experience with customer support software.
Copywriter,IT Services,"Chicago, IL",Find and recruit top talent.,Experience with copywriting.
Backend Developer,DevOps Works,"Denver, CO",Optimize websites for search engines.,Experience with technical writing.
Sales Representative,Social Connect,"Columbus, OH",Write technical documentation.,Experience with event planning.
HR Manager,IT Services,"Philadelphia, PA",Oversee daily operations and logistics.,Experience with technical writing.
Marketing Specialist,Mobile Innovators,"Miami, FL",Manage infrastructure and deployment pipelines.,Experience with business analysis tools.
